﻿<parameters>
  <parameter name="IIS Web Application Name" defaultValue="Default Web Site/" tags="IisApp">
    <parameterEntry kind="ProviderPath" scope="IisApp" match="^D:\\starwarApi\\StarWarApi\\obj\\Debug\\Package\\PackageTmp$" />
    <parameterEntry kind="ProviderPath" scope="setAcl" match="^D:\\starwarApi\\StarWarApi\\obj\\Debug\\Package\\PackageTmp$" />
  </parameter>
  <parameter name="Entities-Web.config Connection String" description="Entities Connection String used in web.config by the application to access the database." defaultValue="metadata=res://*/csdl|res://*/ssdl|res://*/msl;provider=System.Data.SqlClient;provider connection string=&quot;data source=candidate-test.caqylurhpyhw.eu-west-1.rds.amazonaws.com;initial catalog=star-wars;user id=candidate;password=candidate;MultipleActiveResultSets=True;App=EntityFramework&quot;" tags="SqlConnectionString">
    <parameterEntry kind="XmlFile" scope="D:\\starwarApi\\StarWarApi\\obj\\Debug\\Package\\PackageTmp\\Web\.config$" match="/configuration/connectionStrings/add[@name='Entities']/@connectionString" />
  </parameter>
  <parameter name="StarWarEntities-Web.config Connection String" description="StarWarEntities Connection String used in web.config by the application to access the database." defaultValue="metadata=res://*/StarwarEntity.csdl|res://*/StarwarEntity.ssdl|res://*/StarwarEntity.msl;provider=System.Data.SqlClient;provider connection string=&quot;data source=candidate-test.caqylurhpyhw.eu-west-1.rds.amazonaws.com;initial catalog=star-wars;user id=candidate;password=candidate;multipleactiveresultsets=True;application name=EntityFramework&quot;" tags="SqlConnectionString">
    <parameterEntry kind="XmlFile" scope="D:\\starwarApi\\StarWarApi\\obj\\Debug\\Package\\PackageTmp\\Web\.config$" match="/configuration/connectionStrings/add[@name='StarWarEntities']/@connectionString" />
  </parameter>
  <parameter name="StarWarEntity-Web.config Connection String" description="StarWarEntity Connection String used in web.config by the application to access the database." defaultValue="metadata=res://*/StarWarEntities.csdl|res://*/StarWarEntities.ssdl|res://*/StarWarEntities.msl;provider=System.Data.SqlClient;provider connection string=&quot;data source=candidate-test.caqylurhpyhw.eu-west-1.rds.amazonaws.com;initial catalog=star-wars;user id=candidate;multipleactiveresultsets=True;application name=EntityFramework&quot;" tags="SqlConnectionString">
    <parameterEntry kind="XmlFile" scope="D:\\starwarApi\\StarWarApi\\obj\\Debug\\Package\\PackageTmp\\Web\.config$" match="/configuration/connectionStrings/add[@name='StarWarEntity']/@connectionString" />
  </parameter>
  <parameter name="StarWar-Web.config Connection String" description="StarWar Connection String used in web.config by the application to access the database." defaultValue="metadata=res://*/StarWarEntity.csdl|res://*/StarWarEntity.ssdl|res://*/StarWarEntity.msl;provider=System.Data.SqlClient;provider connection string=&quot;data source=candidate-test.caqylurhpyhw.eu-west-1.rds.amazonaws.com;initial catalog=star-wars;user id=candidate;password=candidate;multipleactiveresultsets=True;application name=EntityFramework&quot;" tags="SqlConnectionString">
    <parameterEntry kind="XmlFile" scope="D:\\starwarApi\\StarWarApi\\obj\\Debug\\Package\\PackageTmp\\Web\.config$" match="/configuration/connectionStrings/add[@name='StarWar']/@connectionString" />
  </parameter>
</parameters>